,id,rate
0,1001,5.1
1,1003,4.9
2,1005,8.6
3,1007,6.2
4,1009,5.1
5,1011,7.1
6,1013,6.7
7,1015,6.1
8,1017,5.0
9,1019,5.0
10,1021,5.2
11,1023,7.9
12,1025,11.1
13,1027,5.9
14,1029,5.5
15,1031,5.6
16,1033,6.5
17,1035,7.7
18,1037,5.7
19,1039,6.7
20,1041,5.7
21,1043,4.8
22,1045,5.6
23,1047,9.5
24,1049,5.7
25,1051,4.7
26,1053,6.3
27,1055,5.7
28,1057,6.6
29,1059,5.5
30,1061,5.4
31,1063,9.3
32,1065,7.6
33,1067,6.3
34,1069,5.6
35,1071,5.9
36,1073,5.5
37,1075,5.2
38,1077,6.0
39,1079,6.4
40,1081,4.9
41,1083,5.0
42,1085,10.3
43,1087,7.2
44,1089,4.9
45,1091,6.9
46,1093,6.1
47,1095,5.1
48,1097,6.5
49,1099,8.6
50,1101,5.6
51,1103,5.2
52,1105,10.9
53,1107,6.7
54,1109,6.4
55,1111,5.7
56,1113,5.3
57,1115,5.0
58,1117,4.2
59,1119,7.3
60,1121,6.4
61,1123,5.1
62,1125,5.5
63,1127,7.2
64,1129,8.3
65,1131,13.9
66,1133,7.0
67,2013,1.9
68,2016,2.2
69,2020,5.0
70,2050,14.1
71,2060,5.6
72,2068,3.2
73,2070,8.1
74,2090,4.9
75,2100,5.9
76,2105,7.3
77,2110,3.6
78,2122,6.9
79,2130,4.4
80,2150,4.8
81,2158,21.7
82,2164,9.2
83,2170,7.4
84,2180,13.6
85,2185,6.9
86,2188,16.5
87,2195,5.7
88,2198,9.4
89,2220,3.0
90,2230,3.0
91,2240,8.7
92,2261,5.4
93,2275,5.4
94,2282,5.8
95,2290,16.4
96,4001,11.8
97,4003,6.5
98,4005,6.4
99,4007,7.6
100,4009,7.3
101,4011,7.7
102,4012,6.6
103,4013,4.9
104,4015,7.0
105,4017,8.5
106,4019,5.4
107,4021,5.9
108,4023,13.0
109,4025,5.0
110,4027,24.4
111,5001,3.2
112,5003,6.3
113,5005,4.1
114,5007,2.7
115,5009,3.3
116,5011,5.9
117,5013,5.1
118,5015,2.8
119,5017,6.0
120,5019,4.5
121,5021,5.0
122,5023,5.7
123,5025,4.4
124,5027,5.7
125,5029,5.9
126,5031,3.1
127,5033,3.7
128,5035,4.4
129,5037,3.9
130,5039,5.0
131,5041,5.1
132,5043,5.7
133,5045,3.7
134,5047,3.9
135,5049,3.9
136,5051,4.0
137,5053,3.2
138,5055,4.0
139,5057,3.7
140,5059,3.6
141,5061,3.4
142,5063,5.0
143,5065,5.3
144,5067,5.9
145,5069,5.9
146,5071,4.8
147,5073,6.2
148,5075,4.5
149,5077,4.5
150,5079,4.9
151,5081,5.1
152,5083,4.4
153,5085,3.2
154,5087,3.0
155,5089,3.8
156,5091,4.3
157,5093,7.1
158,5095,4.5
159,5097,4.6
160,5099,3.7
161,5101,3.6
162,5103,5.6
163,5105,4.4
164,5107,5.5
165,5109,3.8
166,5111,4.1
167,5113,4.7
168,5115,4.7
169,5117,3.7
170,5119,3.5
171,5121,4.6
172,5123,5.0
173,5125,3.0
174,5127,3.7
175,5129,4.3
176,5131,3.5
177,5133,4.8
178,5135,5.2
179,5137,4.8
180,5139,5.6
181,5141,6.4
182,5143,2.6
183,5145,4.8
184,5147,5.3
185,5149,4.4
186,6001,4.6
187,6003,7.3
188,6005,5.7
189,6007,6.6
190,6009,5.7
191,6011,10.0
192,6013,4.7
193,6015,7.3
194,6017,5.1
195,6019,8.7
196,6021,7.9
197,6023,5.1
198,6025,26.4
199,6027,4.9
200,6029,9.7
201,6031,8.9
202,6033,6.3
203,6035,6.1
204,6037,5.3
205,6039,8.2
206,6041,3.5
207,6043,5.4
208,6045,5.0
209,6047,9.2
210,6049,6.6
211,6051,5.2
212,6053,5.6
213,6055,4.0
214,6057,4.8
215,6059,4.3
216,6061,4.7
217,6063,7.1
218,6065,6.9
219,6067,5.7
220,6069,6.2
221,6071,6.2
222,6073,5.0
223,6075,3.5
224,6077,7.7
225,6079,4.5
226,6081,3.2
227,6083,4.8
228,6085,4.0
229,6087,5.7
230,6089,6.8
231,6091,6.6
232,6093,7.1
233,6095,5.7
234,6097,4.1
235,6099,7.9
236,6101,7.9
237,6103,7.4
238,6105,5.9
239,6107,10.6
240,6109,6.1
241,6111,5.7
242,6113,5.5
243,6115,8.0
244,8001,3.6
245,8003,4.3
246,8005,3.2
247,8007,3.1
248,8009,1.8
249,8011,3.1
250,8013,2.9
251,8014,3.1
252,8015,2.4
253,8017,2.7
254,8019,3.3
255,8021,4.9
256,8023,4.8
257,8025,3.6
258,8027,3.0
259,8029,4.7
260,8031,3.2
261,8033,4.1
262,8035,2.8
263,8037,2.5
264,8039,2.6
265,8041,3.9
266,8043,5.1
267,8045,3.3
268,8047,2.6
269,8049,2.3
270,8051,2.1
271,8053,2.0
272,8055,6.2
273,8057,2.3
274,8059,3.1
275,8061,2.1
276,8063,1.8
277,8065,2.6
278,8067,2.9
279,8069,2.9
280,8071,5.0
281,8073,2.5
282,8075,3.3
283,8077,5.3
284,8079,1.7
285,8081,3.6
286,8083,4.5
287,8085,3.9
288,8087,3.5
289,8089,4.6
290,8091,3.2
291,8093,2.7
292,8095,2.3
293,8097,2.7
294,8099,3.5
295,8101,4.9
296,8103,5.1
297,8105,5.1
298,8107,2.6
299,8109,5.9
300,8111,2.4
301,8113,2.4
302,8115,2.2
303,8117,2.1
304,8119,3.7
305,8121,2.1
306,8123,3.5
307,8125,2.2
308,9001,5.2
309,9003,6.0
310,9005,4.8
311,9007,4.8
312,9009,6.1
313,9011,5.4
314,9013,4.8
315,9015,5.8
316,10001,5.1
317,10003,4.5
318,10005,3.7
319,11001,6.5
320,12001,4.4
321,12003,4.7
322,12005,4.6
323,12007,4.2
324,12009,5.2
325,12011,4.6
326,12013,5.9
327,12015,5.3
328,12017,6.8
329,12019,4.4
330,12021,5.3
331,12023,4.8
332,12027,6.1
333,12029,5.3
334,12031,5.1
335,12033,5.0
336,12035,5.4
337,12037,4.1
338,12039,6.3
339,12041,5.1
340,12043,6.9
341,12045,4.3
342,12047,4.4
343,12049,7.2
344,12051,11.5
345,12053,6.0
346,12055,6.9
347,12057,4.5
348,12059,5.6
349,12061,6.6
350,12063,5.4
351,12065,5.3
352,12067,3.8
353,12069,4.7
354,12071,4.7
355,12073,4.7
356,12075,5.2
357,12077,5.4
358,12079,5.3
359,12081,4.6
360,12083,5.9
361,12085,5.0
362,12086,5.6
363,12087,3.1
364,12089,4.6
365,12091,3.9
366,12093,5.8
367,12095,4.3
368,12097,5.0
369,12099,5.1
370,12101,5.1
371,12103,4.3
372,12105,5.8
373,12107,6.0
374,12109,3.6
375,12111,6.0
376,12113,4.6
377,12115,4.5
378,12117,4.2
379,12119,6.7
380,12121,5.1
381,12123,5.5
382,12125,4.6
383,12127,5.0
384,12129,4.1
385,12131,4.1
386,12133,5.0
387,13001,6.9
388,13003,4.6
389,13005,5.2
390,13007,8.3
391,13009,7.2
392,13011,4.8
393,13013,4.6
394,13015,5.0
395,13017,8.1
396,13019,6.1
397,13021,5.7
398,13023,7.6
399,13025,6.6
400,13027,4.8
401,13029,4.8
402,13031,5.6
403,13033,7.5
404,13035,5.2
405,13037,6.0
406,13039,5.7
407,13043,4.7
408,13045,5.9
409,13047,4.8
410,13049,5.8
411,13051,5.0
412,13053,8.6
413,13055,6.1
414,13057,4.1
415,13059,5.4
416,13061,9.6
417,13063,6.4
418,13065,6.0
419,13067,4.4
420,13069,5.6
421,13071,5.3
422,13073,4.8
423,13075,5.2
424,13077,4.9
425,13079,5.5
426,13081,5.9
427,13083,5.1
428,13085,4.5
429,13087,6.5
430,13089,5.2
431,13091,7.0
432,13093,5.5
433,13095,6.8
434,13097,5.3
435,13099,6.7
436,13101,4.5
437,13103,4.7
438,13105,6.2
439,13107,7.4
440,13109,4.8
441,13111,5.0
442,13113,4.7
443,13115,5.9
444,13117,4.1
445,13119,5.5
446,13121,5.2
447,13123,5.4
448,13125,6.3
449,13127,5.0
450,13129,5.3
451,13131,5.4
452,13133,5.9
453,13135,4.6
454,13137,5.0
455,13139,4.4
456,13141,8.9
457,13143,5.6
458,13145,4.7
459,13147,5.3
460,13149,5.8
461,13151,5.4
462,13153,5.3
463,13155,7.3
464,13157,4.1
465,13159,4.7
466,13161,6.3
467,13163,7.0
468,13165,7.1
469,13167,6.0
470,13169,4.6
471,13171,6.4
472,13173,5.3
473,13175,6.4
474,13177,4.8
475,13179,5.7
476,13181,5.7
477,13183,5.6
478,13185,5.2
479,13187,5.0
480,13189,7.2
481,13191,5.5
482,13193,7.6
483,13195,4.7
484,13197,6.9
485,13199,6.8
486,13201,5.5
487,13205,6.3
488,13207,4.9
489,13209,7.1
490,13211,4.8
491,13213,6.6
492,13215,6.6
493,13217,5.8
494,13219,4.0
495,13221,4.5
496,13223,4.5
497,13225,6.4
498,13227,4.8
499,13229,5.3
500,13231,5.1
501,13233,5.7
502,13235,5.6
503,13237,6.8
504,13239,7.7
505,13241,5.4
506,13243,8.6
507,13245,6.5
508,13247,5.5
509,13249,6.4
510,13251,6.9
511,13253,7.5
512,13255,6.5
513,13257,5.9
514,13259,5.8
515,13261,7.4
516,13263,6.6
517,13265,6.6
518,13267,5.4
519,13269,7.0
520,13271,7.7
521,13273,6.0
522,13275,6.3
523,13277,5.6
524,13279,7.3
525,13281,6.3
526,13283,7.3
527,13285,5.0
528,13287,6.4
529,13289,8.2
530,13291,4.5
531,13293,6.2
532,13295,5.3
533,13297,4.7
534,13299,5.4
535,13301,7.0
536,13303,6.3
537,13305,6.6
538,13307,8.6
539,13309,8.5
540,13311,4.4
541,13313,5.7
542,13315,6.8
543,13317,6.7
544,13319,6.0
545,13321,5.8
546,15001,4.1
547,15003,3.0
548,15007,3.4
549,15009,3.4
550,16001,3.5
551,16003,4.9
552,16005,3.6
553,16007,3.4
554,16009,4.6
555,16011,3.7
556,16013,2.8
557,16015,4.9
558,16017,4.3
559,16019,3.2
560,16021,4.1
561,16023,3.7
562,16025,2.6
563,16027,4.4
564,16029,3.2
565,16031,2.9
566,16033,3.3
567,16035,5.9
568,16037,4.1
569,16039,4.2
570,16041,2.9
571,16043,3.2
572,16045,4.3
573,16047,3.0
574,16049,4.8
575,16051,3.1
576,16053,2.8
577,16055,4.0
578,16057,3.2
579,16059,4.8
580,16061,6.9
581,16063,3.6
582,16065,2.9
583,16067,3.1
584,16069,3.1
585,16071,3.1
586,16073,3.7
587,16075,4.1
588,16077,4.2
589,16079,5.9
590,16081,2.0
591,16083,3.4
592,16085,4.2
593,16087,5.3
594,17001,4.7
595,17003,9.5
596,17005,4.7
597,17007,5.8
598,17009,3.2
599,17011,5.8
600,17013,5.7
601,17015,4.8
602,17017,4.8
603,17019,5.0
604,17021,5.8
605,17023,5.5
606,17025,6.4
607,17027,4.1
608,17029,6.0
609,17031,5.7
610,17033,5.6
611,17035,5.0
612,17037,5.0
613,17039,5.6
614,17041,4.6
615,17043,4.4
616,17045,6.1
617,17047,5.2
618,17049,4.5
619,17051,6.0
620,17053,5.3
621,17055,8.0
622,17057,6.9
623,17059,7.6
624,17061,5.3
625,17063,5.9
626,17065,6.1
627,17067,6.9
628,17069,8.1
629,17071,5.8
630,17073,5.4
631,17075,4.9
632,17077,5.5
633,17079,6.2
634,17081,6.5
635,17083,5.5
636,17085,4.4
637,17087,8.3
638,17089,5.1
639,17091,6.1
640,17093,4.7
641,17095,5.6
642,17097,4.8
643,17099,6.2
644,17101,7.6
645,17103,4.8
646,17105,5.2
647,17107,5.1
648,17109,6.8
649,17111,4.6
650,17113,5.1
651,17115,6.6
652,17117,5.5
653,17119,6.0
654,17121,6.2
655,17123,5.9
656,17125,7.1
657,17127,7.4
658,17129,3.9
659,17131,5.3
660,17133,3.9
661,17135,6.3
662,17137,4.6
663,17139,4.5
664,17141,5.3
665,17143,6.6
666,17145,6.9
667,17147,4.8
668,17149,4.4
669,17151,6.8
670,17153,8.6
671,17155,5.2
672,17157,4.8
673,17159,5.8
674,17161,6.0
675,17163,6.2
676,17165,8.1
677,17167,4.6
678,17169,4.9
679,17171,4.3
680,17173,5.6
681,17175,6.7
682,17177,5.6
683,17179,6.0
684,17181,7.1
685,17183,7.1
686,17185,6.5
687,17187,5.2
688,17189,3.8
689,17191,8.4
690,17193,6.2
691,17195,5.8
692,17197,5.4
693,17199,6.2
694,17201,6.4
695,17203,4.9
696,18001,3.8
697,18003,4.3
698,18005,3.6
699,18007,4.3
700,18009,5.7
701,18011,3.6
702,18013,3.8
703,18015,4.4
704,18017,4.7
705,18019,4.4
706,18021,5.0
707,18023,4.0
708,18025,5.6
709,18027,3.6
710,18029,4.7
711,18031,3.6
712,18033,4.2
713,18035,5.5
714,18037,3.3
715,18039,4.0
716,18041,5.9
717,18043,4.4
718,18045,5.9
719,18047,4.2
720,18049,4.8
721,18051,3.8
722,18053,5.1
723,18055,6.6
724,18057,3.4
725,18059,4.0
726,18061,4.4
727,18063,3.6
728,18065,4.7
729,18067,4.8
730,18069,4.2
731,18071,4.0
732,18073,5.1
733,18075,4.7
734,18077,5.0
735,18079,4.8
736,18081,3.8
737,18083,4.5
738,18085,4.0
739,18087,3.7
740,18089,6.6
741,18091,6.0
742,18093,5.6
743,18095,4.9
744,18097,4.7
745,18099,3.9
746,18101,4.1
747,18103,4.8
748,18105,5.1
749,18107,4.1
750,18109,4.2
751,18111,5.3
752,18113,4.2
753,18115,4.9
754,18117,5.2
755,18119,5.4
756,18121,5.1
757,18123,4.9
758,18125,4.6
759,18127,5.3
760,18129,4.3
761,18131,4.6
762,18133,4.5
763,18135,4.5
764,18137,4.5
765,18139,4.0
766,18141,5.0
767,18143,4.9
768,18145,4.0
769,18147,4.2
770,18149,5.2
771,18151,3.8
772,18153,6.1
773,18155,5.3
774,18157,4.3
775,18159,3.8
776,18161,4.2
777,18163,4.4
778,18165,6.5
779,18167,5.7
780,18169,4.5
781,18171,5.0
782,18173,4.4
783,18175,4.6
784,18177,4.9
785,18179,3.6
786,18181,3.9
787,18183,4.0
788,19001,3.4
789,19003,2.9
790,19005,4.9
791,19007,5.7
792,19009,3.7
793,19011,4.0
794,19013,5.8
795,19015,3.4
796,19017,4.2
797,19019,4.6
798,19021,4.4
799,19023,4.5
800,19025,4.7
801,19027,3.1
802,19029,3.0
803,19031,3.8
804,19033,4.4
805,19035,4.1
806,19037,4.6
807,19039,3.4
808,19041,4.1
809,19043,4.2
810,19045,6.1
811,19047,5.2
812,19049,3.2
813,19051,5.3
814,19053,3.5
815,19055,3.7
816,19057,5.9
817,19059,3.5
818,19061,4.0
819,19063,4.2
820,19065,5.0
821,19067,3.9
822,19069,3.8
823,19071,4.1
824,19073,4.3
825,19075,3.7
826,19077,3.6
827,19079,4.0
828,19081,3.0
829,19083,4.2
830,19085,3.7
831,19087,4.4
832,19089,3.6
833,19091,3.2
834,19093,2.8
835,19095,3.2
836,19097,4.5
837,19099,4.0
838,19101,4.6
839,19103,3.2
840,19105,4.4
841,19107,5.1
842,19109,3.0
843,19111,8.1
844,19113,4.3
845,19115,4.5
846,19117,3.8
847,19119,2.3
848,19121,3.7
849,19123,4.3
850,19125,3.4
851,19127,4.9
852,19129,4.0
853,19131,3.0
854,19133,4.6
855,19135,5.4
856,19137,4.2
857,19139,4.4
858,19141,3.0
859,19143,3.1
860,19145,6.4
861,19147,3.9
862,19149,2.9
863,19151,3.4
864,19153,4.1
865,19155,3.8
866,19157,4.0
867,19159,3.7
868,19161,3.0
869,19163,5.4
870,19165,3.2
871,19167,2.4
872,19169,2.9
873,19171,4.2
874,19173,3.9
875,19175,4.4
876,19177,4.9
877,19179,7.4
878,19181,3.8
879,19183,3.5
880,19185,4.6
881,19187,4.7
882,19189,4.1
883,19191,3.6
884,19193,4.2
885,19195,3.5
886,19197,4.5
887,20001,6.9
888,20003,4.6
889,20005,7.4
890,20007,4.4
891,20009,5.0
892,20011,5.7
893,20013,4.2
894,20015,4.6
895,20017,4.6
896,20019,5.9
897,20021,5.2
898,20023,3.3
899,20025,3.0
900,20027,4.8
901,20029,5.1
902,20031,8.2
903,20033,3.2
904,20035,5.1
905,20037,5.4
906,20039,4.7
907,20041,4.7
908,20043,4.7
909,20045,4.1
910,20047,3.3
911,20049,6.8
912,20051,3.4
913,20053,4.3
914,20055,3.5
915,20057,3.6
916,20059,4.8
917,20061,6.4
918,20063,3.0
919,20065,5.0
920,20067,3.9
921,20069,2.6
922,20071,2.7
923,20073,5.7
924,20075,3.2
925,20077,4.0
926,20079,6.3
927,20081,2.8
928,20083,2.7
929,20085,4.0
930,20087,4.1
931,20089,4.5
932,20091,3.7
933,20093,3.7
934,20095,4.8
935,20097,3.5
936,20099,6.2
937,20101,3.9
938,20103,4.5
939,20105,4.0
940,20107,7.0
941,20109,3.2
942,20111,4.3
943,20113,3.9
944,20115,5.9
945,20117,3.6
946,20119,2.9
947,20121,4.3
948,20123,3.1
949,20125,6.9
950,20127,4.3
951,20129,4.6
952,20131,3.0
953,20133,8.1
954,20135,4.1
955,20137,2.9
956,20139,4.6
957,20141,4.1
958,20143,4.5
959,20145,3.6
960,20147,3.6
961,20149,4.1
962,20151,5.0
963,20153,2.6
964,20155,5.2
965,20157,3.2
966,20159,4.8
967,20161,3.7
968,20163,5.5
969,20165,4.7
970,20167,4.6
971,20169,4.0
972,20171,2.7
973,20173,5.2
974,20175,4.9
975,20177,4.5
976,20179,2.9
977,20181,3.8
978,20183,3.7
979,20185,5.0
980,20187,3.3
981,20189,4.7
982,20191,4.9
983,20193,3.2
984,20195,4.2
985,20197,3.8
986,20199,3.3
987,20201,3.9
988,20203,2.6
989,20205,6.9
990,20207,6.9
991,20209,6.1
992,21001,6.1
993,21003,3.9
994,21005,3.6
995,21007,9.0
996,21009,4.3
997,21011,6.5
998,21013,8.3
999,21015,3.5
1000,21017,4.6
1001,21019,8.3
1002,21021,4.5
1003,21023,5.4
1004,21025,8.3
1005,21027,5.7
1006,21029,3.8
1007,21031,4.8
1008,21033,5.0
1009,21035,4.1
1010,21037,3.5
1011,21039,6.8
1012,21041,5.0
1013,21043,10.6
1014,21045,4.4
1015,21047,6.0
1016,21049,4.5
1017,21051,9.7
1018,21053,6.4
1019,21055,5.2
1020,21057,4.6
1021,21059,4.0
1022,21061,5.4
1023,21063,11.7
1024,21065,5.2
1025,21067,3.3
1026,21069,5.5
1027,21071,10.4
1028,21073,3.6
1029,21075,6.6
1030,21077,4.4
1031,21079,4.3
1032,21081,4.2
1033,21083,6.4
1034,21085,6.2
1035,21087,4.0
1036,21089,8.8
1037,21091,4.7
1038,21093,4.1
1039,21095,11.6
1040,21097,4.4
1041,21099,4.4
1042,21101,4.5
1043,21103,3.9
1044,21105,5.1
1045,21107,5.5
1046,21109,6.9
1047,21111,4.2
1048,21113,3.6
1049,21115,9.2
1050,21117,3.8
1051,21119,10.5
1052,21121,7.5
1053,21123,3.9
1054,21125,5.8
1055,21127,10.6
1056,21129,8.3
1057,21131,13.2
1058,21133,11.8
1059,21135,8.4
1060,21137,5.6
1061,21139,6.7
1062,21141,4.2
1063,21143,5.6
1064,21145,5.7
1065,21147,7.3
1066,21149,4.5
1067,21151,3.8
1068,21153,16.3
1069,21155,4.3
1070,21157,5.5
1071,21159,9.0
1072,21161,6.0
1073,21163,4.7
1074,21165,7.1
1075,21167,4.4
1076,21169,3.8
1077,21171,3.6
1078,21173,6.0
1079,21175,6.8
1080,21177,6.7
1081,21179,4.3
1082,21181,4.9
1083,21183,6.3
1084,21185,3.1
1085,21187,3.8
1086,21189,8.7
1087,21191,4.3
1088,21193,10.4
1089,21195,10.3
1090,21197,6.9
1091,21199,5.0
1092,21201,6.1
1093,21203,5.3
1094,21205,5.3
1095,21207,7.6
1096,21209,3.6
1097,21211,3.3
1098,21213,4.2
1099,21215,3.5
1100,21217,4.8
1101,21219,3.9
1102,21221,5.0
1103,21223,5.4
1104,21225,6.4
1105,21227,3.5
1106,21229,4.0
1107,21231,6.8
1108,21233,5.5
1109,21235,6.4
1110,21237,9.5
1111,21239,3.0
1112,22001,7.9
1113,22003,7.5
1114,22005,5.3
1115,22007,9.0
1116,22009,7.8
1117,22011,6.7
1118,22013,8.0
1119,22015,5.9
1120,22017,7.4
1121,22019,5.5
1122,22021,8.4
1123,22023,4.8
1124,22025,9.6
1125,22027,7.5
1126,22029,9.2
1127,22031,8.0
1128,22033,5.7
1129,22035,11.8
1130,22037,6.2
1131,22039,8.5
1132,22041,9.6
1133,22043,7.8
1134,22045,9.7
1135,22047,7.4
1136,22049,6.3
1137,22051,5.9
1138,22053,6.7
1139,22055,6.7
1140,22057,6.7
1141,22059,6.7
1142,22061,7.5
1143,22063,5.3
1144,22065,9.4
1145,22067,10.4
1146,22069,8.1
1147,22071,6.7
1148,22073,6.7
1149,22075,5.9
1150,22077,7.2
1151,22079,6.9
1152,22081,6.8
1153,22083,7.7
1154,22085,7.3
1155,22087,6.9
1156,22089,6.0
1157,22091,8.5
1158,22093,8.1
1159,22095,7.5
1160,22097,8.9
1161,22099,8.3
1162,22101,10.1
1163,22103,5.7
1164,22105,7.5
1165,22107,10.5
1166,22109,7.3
1167,22111,6.9
1168,22113,7.9
1169,22115,8.1
1170,22117,7.9
1171,22119,9.4
1172,22121,6.1
1173,22123,12.0
1174,22125,5.5
1175,22127,8.5
1176,23001,3.2
1177,23003,4.8
1178,23005,2.6
1179,23007,4.0
1180,23009,3.2
1181,23011,3.2
1182,23013,2.7
1183,23015,2.9
1184,23017,4.2
1185,23019,4.0
1186,23021,4.8
1187,23023,2.6
1188,23025,4.9
1189,23027,3.6
1190,23029,4.6
1191,23031,2.9
1192,24001,6.4
1193,24003,4.0
1194,24005,4.7
1195,24009,4.1
1196,24011,4.8
1197,24013,3.8
1198,24015,5.3
1199,24017,4.7
1200,24019,6.2
1201,24021,3.9
1202,24023,5.2
1203,24025,4.3
1204,24027,3.4
1205,24029,4.7
1206,24031,3.4
1207,24033,4.6
1208,24035,3.8
1209,24037,4.5
1210,24039,6.5
1211,24041,4.0
1212,24043,5.2
1213,24045,5.5
1214,24047,5.8
1215,24510,6.9
1216,25001,3.4
1217,25003,3.9
1218,25005,4.7
1219,25007,2.7
1220,25009,3.9
1221,25011,3.3
1222,25013,5.3
1223,25015,3.6
1224,25017,3.2
1225,25019,1.8
1226,25021,3.4
1227,25023,4.0
1228,25025,3.7
1229,25027,4.1
1230,26001,5.8
1231,26003,6.1
1232,26005,3.3
1233,26007,5.0
1234,26009,5.0
1235,26011,6.3
1236,26013,6.8
1237,26015,3.5
1238,26017,4.7
1239,26019,4.6
1240,26021,4.4
1241,26023,4.4
1242,26025,4.4
1243,26027,4.2
1244,26029,3.7
1245,26031,4.0
1246,26033,6.0
1247,26035,6.0
1248,26037,3.4
1249,26039,6.2
1250,26041,5.5
1251,26043,4.5
1252,26045,3.6
1253,26047,4.1
1254,26049,5.0
1255,26051,5.8
1256,26053,5.5
1257,26055,3.4
1258,26057,4.5
1259,26059,4.9
1260,26061,5.2
1261,26063,4.3
1262,26065,4.0
1263,26067,3.6
1264,26069,5.8
1265,26071,4.7
1266,26073,4.2
1267,26075,4.6
1268,26077,3.7
1269,26079,5.4
1270,26081,3.2
1271,26083,6.4
1272,26085,6.0
1273,26087,6.4
1274,26089,3.5
1275,26091,4.4
1276,26093,4.6
1277,26095,4.4
1278,26097,3.1
1279,26099,5.9
1280,26101,4.9
1281,26103,4.9
1282,26105,4.2
1283,26107,4.9
1284,26109,5.1
1285,26111,4.1
1286,26113,4.8
1287,26115,4.3
1288,26117,4.5
1289,26119,7.6
1290,26121,4.8
1291,26123,4.2
1292,26125,4.7
1293,26127,5.0
1294,26129,6.3
1295,26131,6.6
1296,26133,4.9
1297,26135,5.6
1298,26137,4.9
1299,26139,3.0
1300,26141,6.6
1301,26143,6.8
1302,26145,4.6
1303,26147,6.5
1304,26149,3.7
1305,26151,5.2
1306,26153,7.0
1307,26155,4.6
1308,26157,5.3
1309,26159,4.6
1310,26161,3.5
1311,26163,7.3
1312,26165,5.1
1313,27001,5.1
1314,27003,3.8
1315,27005,3.8
1316,27007,4.8
1317,27009,3.7
1318,27011,4.0
1319,27013,3.3
1320,27015,3.9
1321,27017,4.9
1322,27019,3.4
1323,27021,5.6
1324,27023,4.0
1325,27025,3.9
1326,27027,3.2
1327,27029,7.6
1328,27031,3.1
1329,27033,7.9
1330,27035,4.3
1331,27037,3.5
1332,27039,3.6
1333,27041,3.0
1334,27043,3.9
1335,27045,3.7
1336,27047,3.7
1337,27049,3.7
1338,27051,4.1
1339,27053,3.5
1340,27055,3.4
1341,27057,5.5
1342,27059,4.2
1343,27061,7.7
1344,27063,4.0
1345,27065,5.1
1346,27067,3.5
1347,27069,4.2
1348,27071,7.7
1349,27073,3.9
1350,27075,4.3
1351,27077,4.5
1352,27079,3.7
1353,27081,3.2
1354,27083,3.4
1355,27085,4.1
1356,27087,5.2
1357,27089,5.6
1358,27091,3.9
1359,27093,4.0
1360,27095,4.8
1361,27097,4.5
1362,27099,3.0
1363,27101,3.3
1364,27103,2.9
1365,27105,3.6
1366,27107,4.6
1367,27109,3.0
1368,27111,3.6
1369,27113,4.3
1370,27115,4.8
1371,27117,3.0
1372,27119,4.4
1373,27121,2.8
1374,27123,3.8
1375,27125,6.3
1376,27127,4.0
1377,27129,5.2
1378,27131,3.6
1379,27133,2.2
1380,27135,4.3
1381,27137,5.7
1382,27139,3.2
1383,27141,3.6
1384,27143,3.7
1385,27145,3.5
1386,27147,3.8
1387,27149,2.7
1388,27151,4.8
1389,27153,3.9
1390,27155,3.0
1391,27157,3.2
1392,27159,5.1
1393,27161,4.0
1394,27163,3.4
1395,27165,5.1
1396,27167,3.4
1397,27169,3.7
1398,27171,3.5
1399,27173,3.7
1400,28001,8.2
1401,28003,5.0
1402,28005,7.1
1403,28007,6.5
1404,28009,6.5
1405,28011,7.4
1406,28013,5.2
1407,28015,7.3
1408,28017,6.3
1409,28019,5.3
1410,28021,12.3
1411,28023,6.4
1412,28025,7.8
1413,28027,8.1
1414,28029,6.4
1415,28031,5.6
1416,28033,4.1
1417,28035,5.8
1418,28037,6.8
1419,28039,7.7
1420,28041,8.0
1421,28043,4.9
1422,28045,5.9
1423,28047,5.3
1424,28049,5.2
1425,28051,10.9
1426,28053,11.2
1427,28055,9.9
1428,28057,4.8
1429,28059,6.4
1430,28061,7.8
1431,28063,15.4
1432,28065,9.3
1433,28067,5.9
1434,28069,8.2
1435,28071,4.9
1436,28073,4.5
1437,28075,5.8
1438,28077,7.4
1439,28079,5.6
1440,28081,4.8
1441,28083,9.0
1442,28085,5.8
1443,28087,5.9
1444,28089,4.2
1445,28091,6.8
1446,28093,5.7
1447,28095,6.3
1448,28097,6.3
1449,28099,5.4
1450,28101,5.9
1451,28103,8.0
1452,28105,5.6
1453,28107,6.7
1454,28109,5.9
1455,28111,7.0
1456,28113,6.7
1457,28115,4.5
1458,28117,5.3
1459,28119,8.3
1460,28121,3.8
1461,28123,4.5
1462,28125,8.0
1463,28127,5.5
1464,28129,5.1
1465,28131,6.8
1466,28133,8.4
1467,28135,5.7
1468,28137,5.4
1469,28139,5.2
1470,28141,5.1
1471,28143,6.1
1472,28145,4.2
1473,28147,7.9
1474,28149,6.4
1475,28151,9.2
1476,28153,7.6
1477,28155,6.1
1478,28157,10.1
1479,28159,7.4
1480,28161,6.0
1481,28163,7.0
1482,29001,6.7
1483,29003,4.5
1484,29005,5.9
1485,29007,5.1
1486,29009,5.3
1487,29011,6.0
1488,29013,6.0
1489,29015,7.3
1490,29017,6.2
1491,29019,4.1
1492,29021,4.9
1493,29023,6.9
1494,29025,5.6
1495,29027,5.2
1496,29029,5.5
1497,29031,5.3
1498,29033,5.9
1499,29035,7.8
1500,29037,5.0
1501,29039,6.4
1502,29041,5.1
1503,29043,4.5
1504,29045,8.7
1505,29047,4.5
1506,29049,5.0
1507,29051,4.6
1508,29053,5.7
1509,29055,5.9
1510,29057,5.6
1511,29059,6.5
1512,29061,4.6
1513,29063,5.1
1514,29065,6.6
1515,29067,7.3
1516,29069,9.1
1517,29071,4.9
1518,29073,5.0
1519,29075,4.7
1520,29077,4.6
1521,29079,5.6
1522,29081,4.7
1523,29083,5.9
1524,29085,6.6
1525,29087,4.0
1526,29089,5.4
1527,29091,7.2
1528,29093,8.4
1529,29095,6.0
1530,29097,5.2
1531,29099,4.9
1532,29101,6.1
1533,29103,4.1
1534,29105,6.2
1535,29107,4.9
1536,29109,5.4
1537,29111,4.9
1538,29113,4.8
1539,29115,9.0
1540,29117,4.5
1541,29119,4.9
1542,29121,6.0
1543,29123,6.9
1544,29125,6.8
1545,29127,5.0
1546,29129,5.0
1547,29131,5.4
1548,29133,7.7
1549,29135,4.9
1550,29137,5.5
1551,29139,5.1
1552,29141,6.4
1553,29143,9.9
1554,29145,5.5
1555,29147,6.0
1556,29149,7.0
1557,29151,4.2
1558,29153,8.8
1559,29155,9.9
1560,29157,4.3
1561,29159,6.1
1562,29161,5.6
1563,29163,5.4
1564,29165,4.4
1565,29167,6.4
1566,29169,6.8
1567,29171,5.1
1568,29173,4.4
1569,29175,6.6
1570,29177,5.5
1571,29179,8.1
1572,29181,8.4
1573,29183,4.1
1574,29185,7.3
1575,29186,5.8
1576,29187,6.7
1577,29189,5.1
1578,29195,5.8
1579,29197,7.6
1580,29199,4.6
1581,29201,6.9
1582,29203,8.0
1583,29205,4.8
1584,29207,7.1
1585,29209,6.0
1586,29211,7.4
1587,29213,6.1
1588,29215,7.6
1589,29217,5.8
1590,29219,4.6
1591,29221,7.2
1592,29223,6.1
1593,29225,5.9
1594,29227,3.6
1595,29229,7.3
1596,29510,6.6
1597,30001,2.9
1598,30003,7.7
1599,30005,4.4
1600,30007,4.3
1601,30009,3.5
1602,30011,2.4
1603,30013,3.8
1604,30015,3.6
1605,30017,3.7
1606,30019,2.3
1607,30021,4.0
1608,30023,4.2
1609,30025,3.1
1610,30027,3.3
1611,30029,4.8
1612,30031,2.3
1613,30033,2.4
1614,30035,9.0
1615,30037,3.2
1616,30039,5.5
1617,30041,4.9
1618,30043,4.5
1619,30045,2.7
1620,30047,4.8
1621,30049,3.3
1622,30051,3.1
1623,30053,7.9
1624,30055,2.1
1625,30057,3.1
1626,30059,4.2
1627,30061,7.1
1628,30063,3.5
1629,30065,4.3
1630,30067,3.3
1631,30069,3.1
1632,30071,4.6
1633,30073,4.7
1634,30075,2.5
1635,30077,4.5
1636,30079,3.0
1637,30081,4.5
1638,30083,4.9
1639,30085,6.2
1640,30087,6.8
1641,30089,7.0
1642,30091,3.2
1643,30093,4.3
1644,30095,3.9
1645,30097,2.9
1646,30099,3.5
1647,30101,3.3
1648,30103,4.1
1649,30105,3.0
1650,30107,4.9
1651,30109,4.6
1652,30111,3.7
1653,31001,3.3
1654,31003,2.5
1655,31005,5.4
1656,31007,4.2
1657,31009,4.1
1658,31011,2.8
1659,31013,3.6
1660,31015,2.8
1661,31017,3.5
1662,31019,2.8
1663,31021,3.6
1664,31023,3.2
1665,31025,3.5
1666,31027,2.8
1667,31029,2.5
1668,31031,2.5
1669,31033,3.3
1670,31035,3.0
1671,31037,3.2
1672,31039,3.2
1673,31041,2.6
1674,31043,4.5
1675,31045,3.4
1676,31047,3.0
1677,31049,3.4
1678,31051,3.4
1679,31053,3.3
1680,31055,3.5
1681,31057,2.5
1682,31059,2.8
1683,31061,3.3
1684,31063,2.8
1685,31065,3.3
1686,31067,3.5
1687,31069,3.2
1688,31071,2.7
1689,31073,2.7
1690,31075,2.6
1691,31077,3.7
1692,31079,3.4
1693,31081,2.9
1694,31083,2.9
1695,31085,2.8
1696,31087,4.1
1697,31089,3.1
1698,31091,2.7
1699,31093,2.9
1700,31095,2.7
1701,31097,3.1
1702,31099,2.4
1703,31101,3.0
1704,31103,2.3
1705,31105,4.3
1706,31107,2.8
1707,31109,3.0
1708,31111,3.2
1709,31113,3.0
1710,31115,3.7
1711,31117,2.5
1712,31119,3.0
1713,31121,3.7
1714,31123,3.5
1715,31125,2.9
1716,31127,4.3
1717,31129,3.0
1718,31131,3.6
1719,31133,2.4
1720,31135,2.5
1721,31137,2.8
1722,31139,2.5
1723,31141,3.5
1724,31143,2.7
1725,31145,3.2
1726,31147,3.3
1727,31149,2.6
1728,31151,3.1
1729,31153,3.1
1730,31155,3.2
1731,31157,3.8
1732,31159,3.1
1733,31161,3.4
1734,31163,3.3
1735,31165,2.6
1736,31167,2.7
1737,31169,2.8
1738,31171,3.2
1739,31173,4.6
1740,31175,2.9
1741,31177,3.2
1742,31179,3.4
1743,31181,3.7
1744,31183,2.7
1745,31185,2.9
1746,32001,5.8
1747,32003,6.0
1748,32005,5.3
1749,32007,4.4
1750,32009,4.7
1751,32011,5.1
1752,32013,5.5
1753,32015,5.9
1754,32017,5.3
1755,32019,7.3
1756,32021,8.6
1757,32023,7.5
1758,32027,6.0
1759,32029,5.8
1760,32031,4.9
1761,32033,4.6
1762,32510,6.0
1763,33001,2.6
1764,33003,2.8
1765,33005,2.9
1766,33007,3.5
1767,33009,2.4
1768,33011,3.2
1769,33013,2.6
1770,33015,3.1
1771,33017,2.7
1772,33019,2.5
1773,34001,7.1
1774,34003,4.7
1775,34005,5.0
1776,34007,6.0
1777,34009,5.7
1778,34011,7.9
1779,34013,6.6
1780,34015,5.6
1781,34017,5.2
1782,34019,4.1
1783,34021,4.9
1784,34023,4.9
1785,34025,4.8
1786,34027,4.2
1787,34029,5.4
1788,34031,6.8
1789,34033,6.8
1790,34035,4.4
1791,34037,5.0
1792,34039,5.6
1793,34041,5.1
1794,35001,6.2
1795,35003,6.9
1796,35005,6.9
1797,35006,9.1
1798,35007,5.6
1799,35009,5.4
1800,35011,5.0
1801,35013,7.1
1802,35015,7.2
1803,35017,6.6
1804,35019,6.4
1805,35021,7.3
1806,35023,5.4
1807,35025,9.8
1808,35027,6.0
1809,35028,4.5
1810,35029,10.0
1811,35031,9.8
1812,35033,8.0
1813,35035,6.4
1814,35037,7.0
1815,35039,7.3
1816,35041,6.1
1817,35043,7.1
1818,35045,9.4
1819,35047,8.1
1820,35049,5.5
1821,35051,7.8
1822,35053,8.0
1823,35055,8.3
1824,35057,9.3
1825,35059,4.5
1826,35061,7.6
1827,36001,4.0
1828,36003,4.9
1829,36005,7.8
1830,36007,5.0
1831,36009,5.2
1832,36011,4.4
1833,36013,5.1
1834,36015,5.2
1835,36017,4.4
1836,36019,5.1
1837,36021,3.3
1838,36023,4.6
1839,36025,4.9
1840,36027,4.0
1841,36029,4.6
1842,36031,4.1
1843,36033,4.8
1844,36035,5.2
1845,36037,3.8
1846,36039,4.5
1847,36041,2.9
1848,36043,4.4
1849,36045,5.1
1850,36047,5.9
1851,36049,5.4
1852,36051,4.2
1853,36053,4.6
1854,36055,4.6
1855,36057,5.2
1856,36059,3.8
1857,36061,4.9
1858,36063,5.2
1859,36065,4.3
1860,36067,4.2
1861,36069,3.7
1862,36071,4.2
1863,36073,5.2
1864,36075,5.7
1865,36077,4.3
1866,36079,3.9
1867,36081,5.0
1868,36083,4.1
1869,36085,5.9
1870,36087,4.1
1871,36089,5.8
1872,36091,3.5
1873,36093,4.2
1874,36095,4.7
1875,36097,4.6
1876,36099,3.8
1877,36101,5.0
1878,36103,4.3
1879,36105,4.1
1880,36107,4.5
1881,36109,3.7
1882,36111,4.3
1883,36113,4.1
1884,36115,3.8
1885,36117,4.5
1886,36119,4.2
1887,36121,4.1
1888,36123,3.7
1889,37001,4.8
1890,37003,4.5
1891,37005,5.1
1892,37007,5.9
1893,37009,4.5
1894,37011,4.8
1895,37013,5.6
1896,37015,6.4
1897,37017,6.7
1898,37019,5.7
1899,37021,3.9
1900,37023,5.1
1901,37025,4.6
1902,37027,5.3
1903,37029,5.3
1904,37031,4.7
1905,37033,5.5
1906,37035,4.9
1907,37037,4.3
1908,37039,5.4
1909,37041,6.5
1910,37043,5.1
1911,37045,5.6
1912,37047,6.1
1913,37049,5.1
1914,37051,6.3
1915,37053,4.6
1916,37055,4.2
1917,37057,4.9
1918,37059,4.6
1919,37061,5.4
1920,37063,4.5
1921,37065,8.5
1922,37067,4.9
1923,37069,5.1
1924,37071,5.3
1925,37073,5.2
1926,37075,7.1
1927,37077,4.4
1928,37079,5.0
1929,37081,5.3
1930,37083,7.8
1931,37085,5.8
1932,37087,4.4
1933,37089,4.3
1934,37091,6.5
1935,37093,6.5
1936,37095,6.4
1937,37097,4.7
1938,37099,5.1
1939,37101,4.5
1940,37103,5.1
1941,37105,5.7
1942,37107,5.4
1943,37109,4.6
1944,37111,4.6
1945,37113,5.1
1946,37115,4.9
1947,37117,6.8
1948,37119,4.7
1949,37121,6.0
1950,37123,5.2
1951,37125,5.0
1952,37127,6.8
1953,37129,4.7
1954,37131,7.3
1955,37133,5.4
1956,37135,4.5
1957,37137,5.1
1958,37139,6.2
1959,37141,5.2
1960,37143,6.3
1961,37145,5.4
1962,37147,5.7
1963,37149,4.9
1964,37151,4.8
1965,37153,6.9
1966,37155,7.3
1967,37157,5.5
1968,37159,5.5
1969,37161,6.6
1970,37163,5.6
1971,37165,8.9
1972,37167,4.7
1973,37169,4.9
1974,37171,4.8
1975,37173,4.9
1976,37175,4.8
1977,37177,6.2
1978,37179,4.4
1979,37181,7.3
1980,37183,4.2
1981,37185,7.0
1982,37187,6.9
1983,37189,4.7
1984,37191,5.6
1985,37193,4.7
1986,37195,8.1
1987,37197,4.4
1988,37199,5.1
1989,38001,2.3
1990,38003,3.2
1991,38005,3.1
1992,38007,2.5
1993,38009,3.2
1994,38011,1.8
1995,38013,3.8
1996,38015,2.3
1997,38017,2.0
1998,38019,1.9
1999,38021,1.8
2000,38023,2.0
2001,38025,2.2
2002,38027,2.8
2003,38029,3.1
2004,38031,2.5
2005,38033,2.4
2006,38035,2.3
2007,38037,2.1
2008,38039,2.3
2009,38041,2.9
2010,38043,2.6
2011,38045,2.0
2012,38047,2.9
2013,38049,4.1
2014,38051,2.4
2015,38053,3.1
2016,38055,3.1
2017,38057,4.5
2018,38059,2.9
2019,38061,2.9
2020,38063,2.9
2021,38065,5.3
2022,38067,4.5
2023,38069,3.0
2024,38071,2.5
2025,38073,1.9
2026,38075,3.5
2027,38077,2.7
2028,38079,14.2
2029,38081,1.6
2030,38083,3.7
2031,38085,5.3
2032,38087,2.3
2033,38089,3.3
2034,38091,1.7
2035,38093,2.1
2036,38095,2.0
2037,38097,2.7
2038,38099,3.6
2039,38101,3.5
2040,38103,2.7
2041,38105,3.7
2042,39001,6.8
2043,39003,4.6
2044,39005,4.3
2045,39007,5.3
2046,39009,6.0
2047,39011,3.5
2048,39013,6.3
2049,39015,5.0
2050,39017,4.2
2051,39019,6.0
2052,39021,4.1
2053,39023,4.7
2054,39025,4.1
2055,39027,5.4
2056,39029,6.0
2057,39031,6.2
2058,39033,5.5
2059,39035,5.5
2060,39037,3.7
2061,39039,4.3
2062,39041,3.4
2063,39043,4.6
2064,39045,3.9
2065,39047,3.9
2066,39049,3.9
2067,39051,4.0
2068,39053,6.4
2069,39055,4.4
2070,39057,4.2
2071,39059,5.8
2072,39061,4.2
2073,39063,3.5
2074,39065,4.9
2075,39067,6.4
2076,39069,4.2
2077,39071,5.5
2078,39073,4.5
2079,39075,3.3
2080,39077,5.0
2081,39079,7.0
2082,39081,7.4
2083,39083,4.1
2084,39085,4.8
2085,39087,6.1
2086,39089,4.1
2087,39091,3.9
2088,39093,5.9
2089,39095,4.9
2090,39097,3.5
2091,39099,5.8
2092,39101,4.7
2093,39103,4.3
2094,39105,7.6
2095,39107,3.0
2096,39109,4.0
2097,39111,9.1
2098,39113,4.6
2099,39115,6.8
2100,39117,4.4
2101,39119,5.3
2102,39121,7.3
2103,39123,4.6
2104,39125,4.2
2105,39127,5.5
2106,39129,4.2
2107,39131,6.8
2108,39133,4.5
2109,39135,4.3
2110,39137,3.2
2111,39139,4.9
2112,39141,4.8
2113,39143,4.1
2114,39145,7.0
2115,39147,4.4
2116,39149,3.7
2117,39151,4.9
2118,39153,4.7
2119,39155,6.0
2120,39157,5.0
2121,39159,3.5
2122,39161,3.7
2123,39163,5.9
2124,39165,3.9
2125,39167,6.4
2126,39169,3.6
2127,39171,4.1
2128,39173,4.0
2129,39175,3.4
2130,40001,5.8
2131,40003,3.6
2132,40005,7.1
2133,40007,3.2
2134,40009,7.7
2135,40011,3.7
2136,40013,4.3
2137,40015,5.6
2138,40017,4.3
2139,40019,5.4
2140,40021,5.6
2141,40023,8.3
2142,40025,2.7
2143,40027,4.0
2144,40029,7.5
2145,40031,4.8
2146,40033,5.2
2147,40035,4.9
2148,40037,6.3
2149,40039,4.9
2150,40041,5.2
2151,40043,4.1
2152,40045,3.7
2153,40047,4.5
2154,40049,5.7
2155,40051,5.2
2156,40053,3.1
2157,40055,7.9
2158,40057,3.6
2159,40059,4.3
2160,40061,8.8
2161,40063,7.5
2162,40065,4.9
2163,40067,8.0
2164,40069,6.5
2165,40071,6.7
2166,40073,3.6
2167,40075,5.6
2168,40077,9.7
2169,40079,7.4
2170,40081,5.5
2171,40083,4.3
2172,40085,3.3
2173,40087,4.3
2174,40089,7.7
2175,40091,9.5
2176,40093,4.3
2177,40095,5.1
2178,40097,5.5
2179,40099,4.3
2180,40101,6.0
2181,40103,4.0
2182,40105,6.5
2183,40107,6.1
2184,40109,4.5
2185,40111,7.4
2186,40113,6.1
2187,40115,5.3
2188,40117,7.1
2189,40119,3.9
2190,40121,6.5
2191,40123,4.2
2192,40125,5.0
2193,40127,7.7
2194,40129,5.4
2195,40131,5.6
2196,40133,7.3
2197,40135,6.5
2198,40137,10.4
2199,40139,3.5
2200,40141,4.5
2201,40143,5.2
2202,40145,5.2
2203,40147,5.0
2204,40149,7.2
2205,40151,3.3
2206,40153,6.4
2207,41001,6.7
2208,41003,5.0
2209,41005,5.2
2210,41007,5.1
2211,41009,7.1
2212,41011,7.3
2213,41013,6.9
2214,41015,7.0
2215,41017,5.1
2216,41019,7.3
2217,41021,7.1
2218,41023,6.1
2219,41025,5.9
2220,41027,4.0
2221,41029,6.8
2222,41031,6.6
2223,41033,7.4
2224,41035,7.2
2225,41037,5.7
2226,41039,6.2
2227,41041,5.9
2228,41043,6.7
2229,41045,6.1
2230,41047,5.9
2231,41049,5.8
2232,41051,5.0
2233,41053,6.0
2234,41055,4.3
2235,41057,5.2
2236,41059,5.9
2237,41061,6.3
2238,41063,5.0
2239,41065,5.9
2240,41067,5.0
2241,41069,4.9
2242,41071,5.4
2243,42001,4.5
2244,42003,5.9
2245,42005,8.0
2246,42007,6.8
2247,42009,5.8
2248,42011,5.6
2249,42013,5.7
2250,42015,6.5
2251,42017,5.2
2252,42019,5.7
2253,42021,7.7
2254,42023,8.2
2255,42025,6.7
2256,42027,4.8
2257,42029,4.6
2258,42031,7.2
2259,42033,7.5
2260,42035,7.3
2261,42037,6.2
2262,42039,6.7
2263,42041,4.7
2264,42043,5.3
2265,42045,5.6
2266,42047,6.7
2267,42049,7.1
2268,42051,8.5
2269,42053,8.5
2270,42055,5.7
2271,42057,6.3
2272,42059,8.1
2273,42061,7.1
2274,42063,8.3
2275,42065,7.3
2276,42067,5.8
2277,42069,6.4
2278,42071,4.8
2279,42073,7.0
2280,42075,5.1
2281,42077,6.3
2282,42079,6.9
2283,42081,7.0
2284,42083,7.2
2285,42085,6.8
2286,42087,6.0
2287,42089,6.9
2288,42091,4.7
2289,42093,4.9
2290,42095,5.9
2291,42097,6.6
2292,42099,5.1
2293,42101,7.7
2294,42103,6.8
2295,42105,7.8
2296,42107,6.7
2297,42109,5.1
2298,42111,7.5
2299,42113,7.0
2300,42115,5.4
2301,42117,7.4
2302,42119,5.4
2303,42121,8.0
2304,42123,5.9
2305,42125,6.6
2306,42127,5.6
2307,42129,6.6
2308,42131,6.2
2309,42133,5.2
2310,44001,5.0
2311,44003,5.3
2312,44005,4.8
2313,44007,6.3
2314,44009,5.0
2315,45001,6.1
2316,45003,5.6
2317,45005,9.1
2318,45007,5.2
2319,45009,11.4
2320,45011,8.0
2321,45013,5.1
2322,45015,5.0
2323,45017,7.4
2324,45019,4.5
2325,45021,6.6
2326,45023,8.4
2327,45025,5.7
2328,45027,7.1
2329,45029,5.8
2330,45031,6.8
2331,45033,7.1
2332,45035,4.9
2333,45037,6.1
2334,45039,7.7
2335,45041,5.8
2336,45043,6.6
2337,45045,4.7
2338,45047,5.8
2339,45049,6.2
2340,45051,5.4
2341,45053,4.7
2342,45055,5.8
2343,45057,6.0
2344,45059,5.6
2345,45061,8.2
2346,45063,4.5
2347,45065,5.8
2348,45067,8.6
2349,45069,9.1
2350,45071,4.8
2351,45073,5.5
2352,45075,11.3
2353,45077,5.6
2354,45079,5.4
2355,45081,4.8
2356,45083,5.3
2357,45085,6.5
2358,45087,6.5
2359,45089,7.9
2360,45091,5.2
2361,46003,1.9
2362,46005,2.3
2363,46007,4.0
2364,46009,2.4
2365,46011,2.5
2366,46013,2.4
2367,46015,2.5
2368,46017,9.8
2369,46019,2.9
2370,46021,2.5
2371,46023,3.0
2372,46025,2.9
2373,46027,2.7
2374,46029,2.6
2375,46031,5.5
2376,46033,3.1
2377,46035,1.9
2378,46037,3.6
2379,46039,3.2
2380,46041,14.1
2381,46043,2.2
2382,46045,2.1
2383,46047,3.8
2384,46049,2.5
2385,46051,2.5
2386,46053,2.6
2387,46055,2.1
2388,46057,2.4
2389,46059,1.9
2390,46061,3.2
2391,46063,2.1
2392,46065,2.0
2393,46067,2.0
2394,46069,2.8
2395,46071,2.8
2396,46073,2.4
2397,46075,2.4
2398,46077,2.1
2399,46079,3.0
2400,46081,2.9
2401,46083,1.8
2402,46085,5.0
2403,46087,2.1
2404,46089,3.6
2405,46091,2.8
2406,46093,2.7
2407,46095,3.8
2408,46097,2.4
2409,46099,2.2
2410,46101,3.6
2411,46102,13.2
2412,46103,2.6
2413,46105,2.8
2414,46107,2.3
2415,46109,3.3
2416,46111,2.5
2417,46115,2.6
2418,46117,2.0
2419,46119,1.9
2420,46121,6.8
2421,46123,1.9
2422,46125,2.4
2423,46127,2.9
2424,46129,4.3
2425,46135,2.3
2426,46137,5.6
2427,47001,5.1
2428,47003,5.3
2429,47005,7.4
2430,47007,6.6
2431,47009,4.5
2432,47011,4.7
2433,47013,6.7
2434,47015,4.9
2435,47017,7.1
2436,47019,5.9
2437,47021,4.0
2438,47023,5.7
2439,47025,6.4
2440,47027,6.4
2441,47029,6.0
2442,47031,4.9
2443,47033,5.2
2444,47035,5.9
2445,47037,3.8
2446,47039,7.3
2447,47041,5.8
2448,47043,4.4
2449,47045,6.1
2450,47047,5.3
2451,47049,6.0
2452,47051,5.7
2453,47053,6.2
2454,47055,4.3
2455,47057,5.4
2456,47059,5.8
2457,47061,6.6
2458,47063,5.3
2459,47065,5.0
2460,47067,8.0
2461,47069,6.2
2462,47071,6.2
2463,47073,5.5
2464,47075,6.5
2465,47077,7.0
2466,47079,6.0
2467,47081,4.6
2468,47083,7.7
2469,47085,6.2
2470,47087,7.3
2471,47089,5.4
2472,47091,4.9
2473,47093,4.3
2474,47095,7.3
2475,47097,7.8
2476,47099,5.9
2477,47101,5.8
2478,47103,4.4
2479,47105,4.8
2480,47107,5.8
2481,47109,7.4
2482,47111,4.5
2483,47113,5.3
2484,47115,6.7
2485,47117,4.8
2486,47119,4.2
2487,47121,7.2
2488,47123,5.5
2489,47125,5.5
2490,47127,4.2
2491,47129,6.6
2492,47131,7.5
2493,47133,5.6
2494,47135,6.2
2495,47137,5.7
2496,47139,5.8
2497,47141,5.2
2498,47143,7.5
2499,47145,5.8
2500,47147,4.4
2501,47149,4.0
2502,47151,7.4
2503,47153,6.1
2504,47155,4.2
2505,47157,5.8
2506,47159,4.6
2507,47161,6.8
2508,47163,5.5
2509,47165,4.1
2510,47167,5.9
2511,47169,4.9
2512,47171,6.9
2513,47173,5.9
2514,47175,5.8
2515,47177,4.8
2516,47179,5.1
2517,47181,6.2
2518,47183,7.3
2519,47185,5.4
2520,47187,3.7
2521,47189,4.0
2522,48001,4.8
2523,48003,4.9
2524,48005,6.6
2525,48007,5.9
2526,48009,4.5
2527,48011,3.5
2528,48013,5.7
2529,48015,5.9
2530,48017,4.6
2531,48019,4.3
2532,48021,4.1
2533,48023,3.5
2534,48025,8.5
2535,48027,4.8
2536,48029,4.1
2537,48031,3.3
2538,48033,3.4
2539,48035,4.7
2540,48037,5.4
2541,48039,5.7
2542,48041,3.9
2543,48043,4.3
2544,48045,4.8
2545,48047,12.5
2546,48049,4.8
2547,48051,5.2
2548,48053,3.8
2549,48055,4.5
2550,48057,5.5
2551,48059,4.6
2552,48061,7.6
2553,48063,7.8
2554,48065,3.5
2555,48067,8.2
2556,48069,3.5
2557,48071,6.8
2558,48073,5.5
2559,48075,3.5
2560,48077,4.5
2561,48079,6.0
2562,48081,3.9
2563,48083,6.4
2564,48085,3.8
2565,48087,3.6
2566,48089,5.3
2567,48091,4.2
2568,48093,4.6
2569,48095,3.2
2570,48097,4.2
2571,48099,4.9
2572,48101,5.0
2573,48103,9.1
2574,48105,6.7
2575,48107,5.1
2576,48109,4.1
2577,48111,2.5
2578,48113,4.2
2579,48115,6.0
2580,48117,3.5
2581,48119,4.3
2582,48121,3.7
2583,48123,6.0
2584,48125,5.7
2585,48127,7.4
2586,48129,5.3
2587,48131,12.1
2588,48133,5.7
2589,48135,6.8
2590,48137,5.2
2591,48139,4.1
2592,48141,5.4
2593,48143,4.7
2594,48145,4.6
2595,48147,4.1
2596,48149,4.1
2597,48151,4.7
2598,48153,5.5
2599,48155,4.6
2600,48157,5.7
2601,48159,5.5
2602,48161,7.2
2603,48163,5.4
2604,48165,3.7
2605,48167,5.9
2606,48169,3.8
2607,48171,3.1
2608,48173,4.3
2609,48175,5.7
2610,48177,4.6
2611,48179,7.3
2612,48181,4.0
2613,48183,6.8
2614,48185,7.6
2615,48187,4.0
2616,48189,6.4
2617,48191,8.2
2618,48193,5.3
2619,48195,3.2
2620,48197,4.2
2621,48199,6.8
2622,48201,5.8
2623,48203,6.7
2624,48205,2.1
2625,48207,5.1
2626,48209,3.7
2627,48211,3.8
2628,48213,5.3
2629,48215,8.4
2630,48217,4.8
2631,48219,5.1
2632,48221,5.0
2633,48223,4.5
2634,48225,5.0
2635,48227,6.1
2636,48229,7.0
2637,48231,4.5
2638,48233,6.7
2639,48235,3.3
2640,48237,5.2
2641,48239,5.3
2642,48241,8.8
2643,48243,2.9
2644,48245,7.6
2645,48247,9.9
2646,48249,11.3
2647,48251,4.7
2648,48253,6.2
2649,48255,5.3
2650,48257,4.0
2651,48259,3.6
2652,48261,5.4
2653,48263,2.9
2654,48265,3.9
2655,48267,3.9
2656,48269,3.6
2657,48271,6.6
2658,48273,7.9
2659,48275,5.3
2660,48277,5.4
2661,48279,7.1
2662,48281,4.6
2663,48283,5.7
2664,48285,4.7
2665,48287,4.2
2666,48289,7.3
2667,48291,8.5
2668,48293,6.2
2669,48295,5.1
2670,48297,5.5
2671,48299,4.3
2672,48301,4.4
2673,48303,3.7
2674,48305,4.5
2675,48307,5.1
2676,48309,4.4
2677,48311,2.2
2678,48313,4.8
2679,48315,7.7
2680,48317,4.8
2681,48319,3.7
2682,48321,7.6
2683,48323,11.4
2684,48325,4.8
2685,48327,5.0
2686,48329,4.6
2687,48331,5.6
2688,48333,4.6
2689,48335,7.3
2690,48337,5.1
2691,48339,5.5
2692,48341,3.2
2693,48343,13.1
2694,48345,3.9
2695,48347,5.5
2696,48349,4.6
2697,48351,7.9
2698,48353,5.1
2699,48355,5.9
2700,48357,5.4
2701,48359,3.4
2702,48361,7.5
2703,48363,5.9
2704,48365,7.5
2705,48367,4.3
2706,48369,2.8
2707,48371,5.9
2708,48373,7.1
2709,48375,3.6
2710,48377,11.9
2711,48379,4.5
2712,48381,3.2
2713,48383,7.7
2714,48385,5.3
2715,48387,6.6
2716,48389,6.1
2717,48391,7.4
2718,48393,4.9
2719,48395,5.5
2720,48397,3.9
2721,48399,4.8
2722,48401,6.4
2723,48403,9.8
2724,48405,9.6
2725,48407,6.9
2726,48409,7.8
2727,48411,3.9
2728,48413,5.9
2729,48415,6.3
2730,48417,4.0
2731,48419,6.5
2732,48421,3.4
2733,48423,5.1
2734,48425,5.1
2735,48427,14.1
2736,48429,5.9
2737,48431,3.8
2738,48433,4.9
2739,48435,8.5
2740,48437,4.7
2741,48439,4.2
2742,48441,4.0
2743,48443,4.1
2744,48445,5.5
2745,48447,4.0
2746,48449,7.2
2747,48451,4.7
2748,48453,3.4
2749,48455,6.7
2750,48457,8.2
2751,48459,7.3
2752,48461,5.0
2753,48463,5.6
2754,48465,6.7
2755,48467,4.6
2756,48469,5.7
2757,48471,6.2
2758,48473,6.4
2759,48475,5.8
2760,48477,5.6
2761,48479,5.2
2762,48481,5.4
2763,48483,4.4
2764,48485,4.6
2765,48487,5.4
2766,48489,13.3
2767,48491,3.6
2768,48493,4.2
2769,48495,8.5
2770,48497,5.1
2771,48499,5.8
2772,48501,5.0
2773,48503,4.8
2774,48505,11.2
2775,48507,17.3
2776,49001,6.1
2777,49003,3.3
2778,49005,3.0
2779,49007,6.1
2780,49009,3.4
2781,49011,3.1
2782,49013,8.6
2783,49015,5.9
2784,49017,5.3
2785,49019,3.5
2786,49021,4.6
2787,49023,3.4
2788,49025,2.8
2789,49027,3.2
2790,49029,2.8
2791,49031,4.8
2792,49033,2.2
2793,49035,3.2
2794,49037,7.3
2795,49039,4.0
2796,49041,4.2
2797,49043,2.9
2798,49045,3.9
2799,49047,9.8
2800,49049,3.1
2801,49051,3.0
2802,49053,3.5
2803,49055,5.3
2804,49057,3.7
2805,50001,3.1
2806,50003,4.0
2807,50005,4.2
2808,50007,2.7
2809,50009,5.2
2810,50011,3.2
2811,50013,3.7
2812,50015,3.7
2813,50017,2.9
2814,50019,4.5
2815,50021,4.0
2816,50023,3.1
2817,50025,3.3
2818,50027,3.1
2819,51001,4.3
2820,51003,3.6
2821,51005,4.9
2822,51007,4.3
2823,51009,4.6
2824,51011,4.7
2825,51013,2.6
2826,51015,3.6
2827,51017,3.6
2828,51019,4.1
2829,51021,6.4
2830,51023,3.5
2831,51025,5.9
2832,51027,10.9
2833,51029,5.1
2834,51031,4.5
2835,51033,4.3
2836,51035,5.9
2837,51036,4.4
2838,51037,5.2
2839,51041,3.8
2840,51043,3.3
2841,51045,4.4
2842,51047,3.8
2843,51049,4.6
2844,51051,10.0
2845,51053,4.8
2846,51057,4.7
2847,51059,3.2
2848,51061,3.4
2849,51063,4.4
2850,51065,3.4
2851,51067,4.3
2852,51069,3.4
2853,51071,6.9
2854,51073,3.6
2855,51075,3.6
2856,51077,5.2
2857,51079,3.2
2858,51081,5.1
2859,51083,6.2
2860,51085,3.5
2861,51087,3.9
2862,51089,5.4
2863,51091,3.0
2864,51093,4.4
2865,51095,3.8
2866,51097,4.2
2867,51099,4.1
2868,51101,3.7
2869,51103,4.4
2870,51105,6.9
2871,51107,3.2
2872,51109,3.7
2873,51111,4.6
2874,51113,3.1
2875,51115,3.8
2876,51117,5.6
2877,51119,3.7
2878,51121,4.5
2879,51125,3.5
2880,51127,3.3
2881,51131,5.0
2882,51133,4.4
2883,51135,4.0
2884,51137,3.9
2885,51139,4.5
2886,51141,4.5
2887,51143,4.9
2888,51145,3.6
2889,51147,5.6
2890,51149,4.9
2891,51153,3.6
2892,51155,10.0
2893,51157,3.5
2894,51159,3.3
2895,51161,3.6
2896,51163,4.3
2897,51165,3.6
2898,51167,6.5
2899,51169,4.6
2900,51171,3.6
2901,51173,5.6
2902,51175,3.8
2903,51177,4.1
2904,51179,4.0
2905,51181,5.6
2906,51183,5.9
2907,51185,8.1
2908,51187,3.9
2909,51191,4.6
2910,51193,4.2
2911,51195,8.7
2912,51197,7.0
2913,51199,4.0
2914,51510,2.9
2915,51520,5.2
2916,51530,5.1
2917,51540,3.5
2918,51550,4.4
2919,51570,4.5
2920,51580,5.8
2921,51590,6.6
2922,51595,6.4
2923,51600,3.1
2924,51610,2.7
2925,51620,5.9
2926,51630,4.7
2927,51640,5.1
2928,51650,5.7
2929,51660,5.2
2930,51670,6.5
2931,51678,7.4
2932,51680,5.5
2933,51683,3.5
2934,51685,3.5
2935,51690,6.8
2936,51700,5.1
2937,51710,5.4
2938,51720,7.2
2939,51730,7.4
2940,51735,3.6
2941,51740,6.2
2942,51750,6.7
2943,51760,4.7
2944,51770,4.4
2945,51775,4.0
2946,51790,3.9
2947,51800,4.7
2948,51810,4.0
2949,51820,4.1
2950,51830,5.9
2951,51840,3.9
2952,53001,4.8
2953,53003,4.7
2954,53005,6.5
2955,53007,5.1
2956,53009,7.6
2957,53011,6.6
2958,53013,5.9
2959,53015,7.6
2960,53017,6.6
2961,53019,9.8
2962,53021,6.5
2963,53023,5.3
2964,53025,6.6
2965,53027,8.7
2966,53029,6.0
2967,53031,7.2
2968,53033,3.9
2969,53035,5.9
2970,53037,5.8
2971,53039,6.5
2972,53041,8.1
2973,53043,4.1
2974,53045,8.3
2975,53047,6.1
2976,53049,7.7
2977,53051,8.9
2978,53053,6.5
2979,53055,3.9
2980,53057,6.7
2981,53059,6.7
2982,53061,4.3
2983,53063,6.3
2984,53065,7.9
2985,53067,5.9
2986,53069,8.4
2987,53071,5.6
2988,53073,6.3
2989,53075,5.5
2990,53077,7.3
2991,54001,5.8
2992,54003,4.0
2993,54005,8.5
2994,54007,6.9
2995,54009,6.5
2996,54011,4.8
2997,54013,8.5
2998,54015,9.1
2999,54017,4.9
3000,54019,6.8
3001,54021,6.8
3002,54023,6.1
3003,54025,4.5
3004,54027,4.1
3005,54029,6.5
3006,54031,5.3
3007,54033,5.4
3008,54035,5.9
3009,54037,3.4
3010,54039,5.2
3011,54041,7.1
3012,54043,7.4
3013,54045,10.0
3014,54047,13.1
3015,54049,6.0
3016,54051,7.0
3017,54053,7.0
3018,54055,6.7
3019,54057,6.0
3020,54059,11.7
3021,54061,4.5
3022,54063,4.5
3023,54065,4.5
3024,54067,8.5
3025,54069,5.3
3026,54071,3.5
3027,54073,7.5
3028,54075,5.1
3029,54077,5.2
3030,54079,4.6
3031,54081,6.3
3032,54083,5.3
3033,54085,5.9
3034,54087,8.5
3035,54089,5.5
3036,54091,5.2
3037,54093,4.8
3038,54095,8.1
3039,54097,7.0
3040,54099,6.3
3041,54101,8.2
3042,54103,8.1
3043,54105,8.1
3044,54107,5.7
3045,54109,9.4
3046,55001,5.6
3047,55003,5.1
3048,55005,3.9
3049,55007,5.8
3050,55009,3.6
3051,55011,4.2
3052,55013,4.9
3053,55015,3.4
3054,55017,3.6
3055,55019,3.2
3056,55021,3.3
3057,55023,4.3
3058,55025,2.8
3059,55027,3.7
3060,55029,3.4
3061,55031,5.2
3062,55033,3.8
3063,55035,3.4
3064,55037,5.5
3065,55039,3.6
3066,55041,6.2
3067,55043,3.7
3068,55045,3.1
3069,55047,3.9
3070,55049,3.0
3071,55051,7.0
3072,55053,3.7
3073,55055,3.9
3074,55057,4.0
3075,55059,4.8
3076,55061,3.1
3077,55063,3.7
3078,55065,2.9
3079,55067,5.4
3080,55069,4.3
3081,55071,4.3
3082,55073,3.4
3083,55075,5.2
3084,55077,4.7
3085,55078,8.6
3086,55079,5.5
3087,55081,3.5
3088,55083,3.9
3089,55085,4.3
3090,55087,3.5
3091,55089,3.4
3092,55091,3.2
3093,55093,3.8
3094,55095,3.8
3095,55097,3.5
3096,55099,3.8
3097,55101,5.3
3098,55103,3.4
3099,55105,4.3
3100,55107,4.5
3101,55109,3.5
3102,55111,3.1
3103,55113,5.6
3104,55115,3.9
3105,55117,3.3
3106,55119,3.5
3107,55121,3.4
3108,55123,3.1
3109,55125,4.5
3110,55127,4.0
3111,55129,4.6
3112,55131,3.4
3113,55133,3.6
3114,55135,3.7
3115,55137,4.6
3116,55139,3.7
3117,55141,4.7
3118,56001,3.3
3119,56003,4.4
3120,56005,6.8
3121,56007,4.1
3122,56009,6.0
3123,56011,4.0
3124,56013,6.6
3125,56015,3.3
3126,56017,4.3
3127,56019,4.4
3128,56021,4.0
3129,56023,3.8
3130,56025,6.8
3131,56027,3.3
3132,56029,3.7
3133,56031,4.6
3134,56033,4.0
3135,56035,5.4
3136,56037,5.7
3137,56039,2.0
3138,56041,5.3
3139,56043,4.5
3140,56045,4.9
3141,72001,15.7
3142,72003,14.5
3143,72005,14.9
3144,72007,14.5
3145,72009,15.1
3146,72011,13.0
3147,72013,13.7
3148,72015,18.7
3149,72017,15.0
3150,72019,14.1
3151,72021,9.2
3152,72023,12.9
3153,72025,10.7
3154,72027,12.8
3155,72029,12.4
3156,72031,8.8
3157,72033,9.9
3158,72035,11.2
3159,72037,13.4
3160,72039,16.9
3161,72041,10.6
3162,72043,19.5
3163,72045,13.7
3164,72047,12.6
3165,72049,3.8
3166,72051,8.5
3167,72053,13.8
3168,72054,15.4
3169,72055,17.9
3170,72057,17.3
3171,72059,18.1
3172,72061,6.3
3173,72063,9.2
3174,72065,14.1
3175,72067,12.7
3176,72069,14.2
3177,72071,14.3
3178,72073,12.5
3179,72075,15.8
3180,72077,13.4
3181,72079,18.8
3182,72081,17.8
3183,72083,13.7
3184,72085,14.7
3185,72087,12.7
3186,72089,15.0
3187,72091,12.2
3188,72093,13.7
3189,72095,17.7
3190,72097,14.5
3191,72099,15.6
3192,72101,14.3
3193,72103,12.8
3194,72105,13.6
3195,72107,15.4
3196,72109,20.6
3197,72111,16.9
3198,72113,13.8
3199,72115,16.1
3200,72117,13.3
3201,72119,11.5
3202,72121,16.5
3203,72123,23.4
3204,72125,15.4
3205,72127,8.2
3206,72129,13.2
3207,72131,18.1
3208,72133,20.6
3209,72135,8.9
3210,72137,9.1
3211,72139,7.6
3212,72141,15.3
3213,72143,12.0
3214,72145,14.3
3215,72147,11.3
3216,72149,19.6
3217,72151,16.6
3218,72153,18.0
